Ladder score,Standard error of ladder score,upperwhisker,lowerwhisker,Logged GDP per capita,Social support,Healthy life expectancy,Freedom to make life choices,Generosity,Perceptions of corruption,Ladder score in Dystopia,Explained by: Log GDP per capita,Explained by: Social support,Explained by: Healthy life expectancy,Explained by: Freedom to make life choices,Explained by: Generosity,Explained by: Perceptions of corruption,Dystopia + residual,
count,149,149,149,149,149,149,149,149,149,149,149,149,149,149,149,149,149,149
mean,5.532839,0.058752,5.648007,5.417631,9.432208,0.814745,64.992799,0.791597,-0.015134,0.72745,2.43,0.977161,0.793315,0.520161,0.498711,0.178047,0.135141,2.430329
std,1.073924,0.022001,1.05433,1.094879,1.158601,0.114889,6.762043,0.113332,0.150657,0.179226,0,0.40474,0.258871,0.213019,0.137888,0.09827,0.114361,0.537645
min,2.523,0.026,2.596,2.449,6.635,0.463,48.478,0.382,-0.288,0.082,2.43,0,0,0,0,0,0,0.648
25%,4.852,0.043,4.991,4.706,8.541,0.75,59.802,0.718,-0.126,0.667,2.43,0.666,0.647,0.357,0.409,0.105,0.06,2.138
50%,5.534,0.054,5.625,5.413,9.569,0.832,66.603,0.804,-0.036,0.781,2.43,1.025,0.832,0.571,0.514,0.164,0.101,2.509
75%,6.255,0.07,6.344,6.128,10.421,0.905,69.6,0.877,0.079,0.845,2.43,1.323,0.996,0.665,0.603,0.239,0.174,2.794
max,7.842,0.173,7.904,7.78,11.647,0.983,76.953,0.97,0.542,0.939,2.43,1.751,1.172,0.897,0.716,0.541,0.547,3.482